"","mod_name","mod_genes"
"MEtan","MEtan","MT-CO1, SERPINE1, HLA-DQA1, TSC22D3, TSC22D1, FSTL1, CAV1, ATF4, IGFBP4, PTGS1, WWTR1, LAMA5, CH507-42P11.8, SYNPO, DSTN, SIK1, MYL9, NCKAP1, MYLK, DST, MAGED2, EPS8, CRIP2, DPYSL3, CCDC50, PKP4, PHLDB1, XPO1, PMEPA1, JUP, ID3, KIRREL, MYO1C, CDC42BPA, FKBP9, EHD2, ANKRD10, EDIL3, FAM129B, ADAM28, MYO15B, FNBP1L, GSAP, LIMCH1, TM4SF18, RBFOX2, TP53INP2, RAB11A, RAB13, PTP4A3, SUN1, CSNK1E, HIP1R, SVIL, PTPN14, ID1, COBLL1, TSPAN9, GUCY1B3, CD47, TSPAN18, PARP4, NREP, CYTH2, PLEKHA2, C1QTNF1, PLCB4, EPB41L1, PDGFA, PARVA, AP1G2, KIAA1671, ADCY6, TMEM87A, GUCY1A3, LAPTM4B, 4-Sep, 8-Sep, APLN, ARL4A, RBKS, NEDD4, PGRMC2, AGT, COPS8, GNL1, EGFLAM, ZHX3, PTPN2, OCIAD1, BMP1, THBS2, CH17-472G23.4, NR2F2, MAPK13, NBPF8, NBPF9, FDPS, TRIM69, DBN1, LXN, OSBPL9, SEMA5A, AGAP1"
"MEturquoise","MEturquoise","MT-ND4, MT-CO3, HSPA1A, HSPA1B, MT-CO2, MT-CYB, MT-ATP6, HSP90AA1, DNAJB1, HSPA8, HSPH1, MT-ND3, A2M, HSP90AB1, MTATP6P1, MT-ND4L, HSPD1, ENPP2, STC1, EMP1, FLT1, SERPINA1, PDK4, PECAM1, ESM1, DNAJA1, VWF, MT-ATP8, SLC2A3, THBS1, SOCS3, TPT1, PLVAP, ZFP36, JUN, MCL1, APP, C3, ATF3, IL1B, FGG, FGB, TM4SF1, KLF6, CXCL8, PLIN2, DDX3X, MTCO3P12, BAG3, GJA1, IGHG2, IGHA1, SLC38A2, CD59, PPP1R15A, EGR1, FGA, NFKBIA, UBB, MTND1P23, ICAM1, DNAJA4, IGHG3, NAMPT, ADGRF5, YBX3, IL6ST, ABL2, CTGF, JMJD1C, ADAMTS4, EIF1, CD83, MTCO2P12, EIF4G2, CDKN1A, CXCL2, CD93, CCL2, ETS2, ANXA1, CYR61, IER3, DNAJB4, INSR, FOSL2, TGFBR2, KLF4, SQSTM1, ETS1, EIF5, CLK1, TACC1, PNP, CCNL1, KDR, THBD, SFPQ, EIF4A2, BTG1, PFKFB3, GADD45B, TCP1, BHLHE40, DUSP6, ATP1A1, MYADM, BTNL9, JUND, MYC, NR4A3, SDPR, EFNB2, HNRNPU, RANBP2, ADGRL4, DNAJB6, NEDD9, CHORDC1, ADAMTS9, MAT2A, FKBP5, PPP1R15B, F8, APOB, UBE2D3, INSIG1, ANGPT2, CLIC4, ITGA6, DLC1, SEC14L1, HES1, PTPRM, ARHGEF7, RBM39, IRF1, MAFF, ABLIM1, ZNF331, TRIB1, YWHAH, CNN3, TMEM2, NFE2L2, PNRC1, SRSF3, ITGA5, DUSP5, TNFRSF10D, B3GNT5, HSPA7, MTUS1, RND1, VCL, RAPGEF5, HBEGF, PRSS23, IFI16, YWHAZ, AFF4, HSPA4, STIP1, EFNA1, KDM6B, NFKB1, UGCG, NCL, NUFIP2, CCL3L3, NFIL3, HSPA9, ACKR3, GOLGB1, CRIM1, WTAP, ANXA5, FILIP1L, JAK1, TRA2B, WSB1, SERINC1, NUDT4, MAP1LC3B, DLL4, CTNNA1, IL6, ITPKC, LRRC32, ETF1, YWHAG, TUBA1A, AKAP12, AHSA1, CHMP1B, HNRNPK, FERMT2, MMRN1, PEA15, PPIF, MTRNR2L8, SERPINB9, HIPK3, CSDE1, ATP13A3, IL1RL1, RASGEF1B, S1PR1, LDLR, LMCD1, NCOA7, DDX21, EGFL7, ARL5B, SMTN, PELI1, GABARAPL1, CD46, ARID5B, ERG, NASP, SH3BP5, INHBB, RSRC2, SWAP70, TNFRSF10B, HNRNPC, CDC42EP3, FYN, DUSP4, ZC3HAV1, NXF1, CHD1, BZW1, HSP90AA2P, HBP1, SERTAD1, SLC5A3, IGHA2, SLCO2A1, YES1, ELL2, SARAF, XBP1, CXorf36, STAT3, HNRNPA1, TUBB4B, SLC7A5, FAM107A, ADIPOR2, HIPK2, SPAG9, MYH11, C11orf96, NAMPTP1, TJP1, LUZP1, GEM, CD55, KBTBD2, TFPI, PIM3, FUS, SIPA1L2, SLC3A2, LIFR, NRIP1, ATP1B3, ZC3H12A, PAPOLA, SCARB1, NORAD, PPP1CB, CAPZA2, PRDM1, RAPGEF2, MORF4L1, FEM1C, RTN4, FNIP2, RCAN1, RBBP6, RAB7A, ARID5A, MRFAP1, CDK17, BAZ1A, CREM, SERPINB1, WAC, ZC3H11A, C16orf72, ARIH1, TOP1, AKT3, COL8A1, TMTC1, AMD1, HNRNPDL, PTPN12, RPS6KA2, PNRC2, POSTN, TSC22D2, MYLIP, MED13L, RAPGEF3, GLA, CFLAR, CALCOCO2, SHC1, PALLD, BTN3A2, IPO7, SLC2A14, MCF2L, MIR4435-2HG, HIVEP2, HDLBP, RLIM, GPBP1, MBNL2, CTNND1, PPP1R12B, PIK3C2A, FCGBP, PXN, ROCK2, PIGR, F2RL3, CPD, EIF4G1, PRNP, NFKB2, IFITM2, ARF1, DNTTIP2, MATN2, MAP4, YPEL2, ARL6IP1, FNDC3B, GOLGA8B, RORA, FGFR1, ARID4B, OAZ2, LRRC8A, EIF4A3, CHSY1, NUP98, TRAF1, SH3GLB1, RYBP, HNRNPM, TP53BP2, PTP4A1, PLSCR1, TRIM25, UBR4, DEDD2, TAF1D, KCNE3, BCAM, B4GALT1, LY6E, GALNT18, CLDN5, RLF, RBP7, RRBP1, STARD13, CDC37, IGKV3-20, PCF11, JOSD1, SSFA2, USP36, PPP2CA, VCP, SLC25A25, KIAA0040, G0S2, RAP1B, PPFIBP1, MEDAG, PHC2, RPGR, TUBB6, MPZL2, PPM1D, AZIN1, SEMA6B, CCDC91, SPTLC2, UPP1, BCAP31, CNBP, TRAM1, YTHDC1, TM9SF3, TXNRD1, GOLGA8A, RAC1, CSNK1D, PINK1, KCNJ2, CCT5, CCT6A, DDX24, PTPN1, NTN4, MGLL, RHOJ, MAP2K3, HECTD1, CEBPB, RB1CC1, SEMA3G, MED13, NOLC1, IL4R, HSPA1L, MAPKAPK2, NDEL1, ABCG1, CAST, CSRP1, PNPLA8, FAM53C, PPP2CB, PCBP1, GSTK1, KPNA4, ARF4, IGLV2-14, ID2, DHX15, C8orf4, ARHGAP5, FAM213A, ASXL1, USP12, BACH1, SULF1, ILF3, PDLIM5, DCUN1D3, EIF2AK3, DNM2, MKNK2, PKIG, EIF4H, ZNF267, SET, SOX7, MAFK, IL1R1, VAPA, DENND5A, BCL6, RNF122, CBLB, JMJD6, LPCAT1, SH3BGRL2, PITPNC1, H1FX, C4orf32, AMPD2, TARS, ELOVL5, OTUD4, MECOM, PHACTR1, ST6GALNAC3, BIRC2, PTBP1, RBBP8, RP11-144L1.8, PCBP2, ARL15, TPR, NECTIN2, SOCS2, GPR4, IL1A, GABRE, GGT5, CDC42EP4, NPTN, SEC62, CRY1, MAPRE1, ACTN1, CRK, DENND4A, FAM214A, HSF4, ADAM10, RAB5A, TEAD1, G3BP1, CCNI, LIMA1, IGKV1-5, CXCL13, FAM107B, ANKS1A, HNRNPH3, NOP58, CITED2, MXD4, RAI14, RAMP3, SIRT1, ARFGAP3, RBMX, CREB5, COPA, ITGB5, MAP3K6, ARPP19, RBMS2, H19, TUBA4A, ITGA9, IFI44, SLK, SNX3, CREBRF, TMOD3, CCNT1, MKLN1, PLK3, MYO1E, NOSTRIN, H2AFZ, CLIC2, UBA1, EPHA2, SMC4, SGMS2, HIPK1, MTRNR2L1, EIF3C, MTCH1, PXDC1, SURF4, NAA50, TNPO1, SLC25A44, IFNAR1, TMEM47, TNC, EIF3CL, AFF1, CSNK1A1, AHCTF1, TBC1D8, TGFBR3, CEBPD, PABPC4, 6-Mar, ABCG2, PHF10, HSP90AB3P, RAB21, CCRL2, IST1, IDI1, PTPN11, SNAI1, TBC1D15, UBQLN1, FOXO3, BCL3, INTS6, RILPL2, ANKRD28, PDGFB, CAMSAP2, HSPD1P1, LINC00152, KLHL15, EPRS, CLMN, YAP1, DIS3, ZNF207, RALB, RAB1A, KLF3, SERBP1, TRIM28, STX3, RRP12, DYNC1LI2, TGIF1, THSD7A, REV3L, EPB41L4A, EPHX1, PPP1CC, SAMD4A, FNBP4, RNF145, KLHL5, ASPH, IGHV3-23, NOP56, YME1L1, IFITM1, SRSF10, TRIO, PPP4R1, KLHL21, TRA2A, MYCT1, KHK, PITPNB, CCDC47, SERPINB6, USPL1, MAST4, CDC27, MICAL2, SPRED2, TNFRSF1A, IDO1, PPP1R10, SNRNP70, MAGT1, PAPSS2, LRCH1, PPARD, PDZD2, FOXO1, SMARCA5, CLDND1, CCNYL1, SDE2, USP13, TMEM165, SOX17, LATS2, DYRK1A, SLC22A23, PAFAH1B1, USP53, SPSB1, SLC41A1, MALT1, SNTB2, EOGT, CYCS, CNN1, TMED5, ZBTB21, PSMC6, NUDT16, BOC, BRAF, NONO, KIAA1217, SYNPO2, RNF10, IGLV2-8, IPO11, ANKRD50, PYGB, FOSL1, FBXO11, PVR, LYVE1, FGD4, PPRC1, CREB3L2, PCAT19, NDUFS2, STMN1, RALGAPA2, GPRC5B, SLC1A5, SLC16A10, MTRF1L, CCDC117, UBBP4, RNF103, PUM1, AHR, TIFA, VAMP3, STX16, GSPT1, USP47, IRAK2, EIF1AX, SYPL1, SENP6, CCNG1, TMEM50A, THAP9-AS1, ILK, NSUN5P1, LINC00641, ACACB, CCDC14, NOCT, ISG20, UFM1, SEC24A, KLF11, PHACTR2, SIK2, FAM84A, SLC39A7, SLC45A4, ATP11B, RNF11, UBE2B, MAFG, C2CD4B, MAPRE2, PAF1, PDLIM3, MCMBP, ELF2, SECISBP2L, DUSP16, SLC16A12, STK39, EIF2S1, SPTY2D1, ZRANB1, TANK, COQ10B, FAM43A, HHEX, FYTTD1, PDS5A, UBR1, DDAH1, CDKN2AIP, TAX1BP1, AC005154.6, ATN1, FRMD8, KDM5C, REN, ZNF24, AKIRIN1, KIF1B, RNF19B, IGKV1D-13, HMGCS1, MFAP3, CADPS2, CCNY, PPP3CA, CEBPZ, SELK, CEACAM1, PBXIP1, SAP30BP, CTB-89H12.4, CNOT2, KLHL24, MTR, HDAC6, HNRNPA0, ZMAT1, DPYSL2, LRIF1, SMURF2, PRPF40A, POMP, GTF3A, SYNM, APOD, SRA1, PPP6R3, RAB11FIP3, GNL3, OXSR1, UBAP1, HNF4A, BCAR1, FHL5, HNRNPAB, RABGAP1, HEY1, SRSF4, AKTIP, GTPBP1, RBM12, UNC13B, IL1RAP, RGPD5, IMPAD1, CNST, ATP2C1, GNAI3, OASL, SLC6A3, SBF2, RIOK3, CD200, SHOC2, CSRP2, PPP4R3B, ADAMTS5, PPP2R2A, UBXN4, ALDH3A2, AASS, DYNLL2, HABP2, RNF115, LRP10, EXT2, MYO9A, NUP58, CCR7, C11orf58, SEPHS2, B3GNT2, SPRY2, RPS2P5, GFRA1, SRF, PHYKPL, ITGA10, LINC01127, SPG20, RHOU, OSBPL1A, ENAH, LRRC59, RNF4, SOCS5, NEDD4L, HIVEP1, RRN3, DDX60, CA4, CTR9, MID1, RPL36AL, CUL3, SH3D19, MEPCE, ANKZF1, PKHD1, PSMD12, PGM2L1, THAP2, CRY2, SAV1, RAD23B, ZNF644, ANKRD13A, PAIP2, CDC42EP2, SCML1, ALDH1L1, ABL1, U2AF1, SESTD1, LIMK2, U2AF1L5, MAP2K1, LINC01235, ZBTB10, PHF1, MFSD14A, GYPC, KLRB1, MGAM, ZHX1, EIF3J, ZNF281, PDE1C, MMP1, KCTD10, RBM22, CNTNAP3B, LSM14A, FOLH1, RBM17, SAFB, SEC23A, FCER1A, KIAA0232, AGAP3, HELZ2, PPP2R1B, C14orf166, METAP2, BAIAP2, ARC, SNRPB, RIT1, SERTAD2, LUC7L, CTTNBP2NL, ICAM4, TARDBP, CEBPG, ST3GAL4, USP38, KPNA2, CPNE8, EPC2, IGLV3-25, SZRD1, MSX1, ATP5L, EIF4E, SLC30A7, CHP1, TMEM150C, MAPK6, FRMD4B, ATF2, SERPINI1, ACE2, TOPORS, PLSCR4, ARMCX3, FCN3, RBMS3, CTSK, SAMD8, BCR, LMBR1, VEGFC, STX11, ITGB2-AS1, BAG6, CLINT1, IGHV3-21, MARS, IFIT1, MTMR2, LBP, SAFB2, SLC25A39, RASIP1, ABCB1, PLD1, SLC5A1, IGLV3-1, PCNP, CDKN2B, RBM8A, TPST2, MAN2C1, RMND5A, MCM4, MEG3, RELA, PPP1R2, ATP11C, KDSR, CD99, BCL10, WDR47, NADSYN1, CHMP3, TICAM1, ADSSL1, GLO1, DDX18, EIF3L, TMCO3, KBTBD8, CHKA, AGFG2, PAN2, PSMD11, SKAP1, RNF144A, SCGN, PRMT2, TXNL1, TWISTNB, CHIC2, ZC3H12C, KIAA1549, ENOSF1, FAM177A1, MAZ, MIR222HG, NQO1, CALCOCO1, ABCF1, CYP4F3, TJP2, GRIN2A, KHDRBS1, PPP4R2, KLHL18, DIDO1, LONP2, FOXC1, CWC25, SLU7, RALA, CUL4B, KCNJ8, VEZF1, OSBP, FBLN2, SUMO1, NEK7, UVRAG, ZBTB11, TSPAN33, ARL13B, MAPK8, RELB, CSRNP2, VWFP1, TMF1, PML, BAX, KRT7, STIM1, SELE, RNPS1, TACC2, RFK, GRPEL1, BCAS2, SSB, TMEM70, ANKRD36, UBA6, FAM126A, IGHV5-51, PIGA, HSPA13, IPO5, SRP72, CD1D, ENGASE, TTC28, ANK3, KNTC1, KCMF1, STARD8, MT1G, INPP1, OTULIN, TCERG1, CBX5, UBE2N, LONRF1, CLEC4E, MMADHC, RSF1, FBXL3, PIK3CA, UBE3A, OAT, REEP3, SYNJ2, EIF1B, CTDSPL, TOX4, IRF7, MCM6, PSMC1, SMOX, ATP6V1D, PCGF2"
"MEmidnightblue","MEmidnightblue","MT-RNR2, HLA-B, HLA-DRB1, CTSD, CTSZ, HLA-C, TUBA1B, ERRFI1, CAPG, NFKBIZ, GPX1, PFN1, CD81, CST3, TYMP, OAZ1, PRDX1, DAB2, SH3BGRL3, SIRPA, CSTB, ARPC1B, ARPC3, KIAA0930, GAA, LAP3, HEXA, CYBA, HLA-H, CAPZB, CCNL2, IFNGR2, TCN2, GRINA, VAMP8, MARCO, PDE4DIP, C2, HADHA, TMBIM1, DPP7, GSTO1, PDXK, PDE4D, ATP6V0B, DRAM2, IRAK1, RNH1, GDI2, PLBD2, ANXA11, BRI3, CNPY3, PPP1CA, SNX5, BLVRB, NCSTN, LIMK1, ANP32A, NARS, HN1, FAM26F, SPG21, OGDH, SLC38A10, STX4, GBA, AGPAT3, PNKD, ATF5, CMTM3, SRC, SNX17, STXBP2, PEPD, GDE1, TOM1, KCNQ1OT1, BLVRA, WSB2, LAMTOR1, IL10RB, APEH, RENBP, CS, EPN1, IL4I1"
"MEpink","MEpink","MT-ND2, MT-ND1, MT-ND5, MTND2P28, NNMT, PTPRC, BIRC3, ITM2B, CCL4, HSPA5, CLDN4, VMP1, IL7R, ZFP36L2, KIAA1551, PROS1, WIPF1, ADM, SLA, NLRC5, DOCK8, AKNA, ADAR, RND3, ITGAV, SLAMF7, STK17B, PARP14, ARHGEF1, CYB5R3, GPRIN3, SLC17A3, ANXA6, CXCL1, ELF3, TAF7, ATP5B, SMAP2, LYST, LIF, CELF2, VPS13C, GRK2, TAGAP, NBEAL2, RBL2, ADIRF, 9-Sep, MLLT6, ITGA4, GBP4, OAS2, ARHGEF6, FNBP1, DIAPH1, SUN2, AIM1, SOX9, ATP2A3, RBPMS, RPL14, PIK3IP1, EML4, ERO1A, TSPAN12, GADD45A, ARAP2, SEC61A1, SLC47A1, CYTIP, CD48, RBPJ, PTK2B, TCEAL9, FAM134B, STK4, FAM111A, RUNX3, BNIP3L, KLRD1, PCSK7, CLDN1, LARP1, PIM1, SAMD9, TMEM27, SPN, ARF6, COL23A1, SP100, CDC42SE2, DDX60L, RIPK2, CSF1, ST6GAL1, SH3KBP1, VASN, PIP4K2A, NFKBIE, HPCAL1, PRKDC, PRKCB, AHCYL1, ADAM19, LPIN2, TRANK1, DNMT1, MT-ND6, KIF21B, DOCK11, UHMK1, CCDC69, IFI6, NOX4, MX2, ATP8B2, PTGER3, SELL, PKD2, INPP4A, DMTF1, CHST11, SBF1, PARP15, DNAJC13, XPO6, HNRNPUL1, SGCB, MTDH, RBP4, RNF166, DTX3L, MXI1, NRDC, SAP18, GDF15, ATP8A1, TRRAP, LNPEP, GMFG, SIPA1, AIF1L, STAT4, UGGT1, MIR155HG, RIPK4, GPRC5C, TAP2, ANKRD37, CTC1, BEX3, PHC3, SLC7A6, NDNF, SHISA5, LTBP3, RHOBTB1, SMARCA1, PCK1, BIRC7, PNPLA2, UQCRC2, LRPPRC, CKB, MAT2B, WDR19, FAM53B, DOC2A, DIXDC1, SNX33, KANSL1L, PARP12, HCP5, LPGAT1, ATF7IP, RAB3IP, PDPR, AFG3L2, GRK6, TAF15, SST, SLC43A3, TNFRSF21, DHX40, IRF4, BTG3, VPS39, PRKX, PDE3B, GBA3, UBTF, SEC31B, GPC4, STK38, TRAF4, EBLN3, ORMDL1, SEC24C, KAT2A, TIA1, EMD, ZNF436, LGR4, IRAK4, VAMP2, CBFB, CD226, SYF2, GCN1"
"MEbrown","MEbrown","FTL, CD74, PSAP, HLA-DRA, CTSB, B2M, MT-RNR1, LYZ, HLA-DPA1, ACTB, GLUL, GPNMB, LIPA, TMSB4X, APOE, FN1, HMOX1, DUSP1, HLA-DPB1, LAPTM5, CD163, C1QB, CTSS, LCP1, C1QA, FCGR3A, CYBB, FUCA1, GRN, H3F3B, C1QC, STAB1, ITGB2, LGMN, VCAN, ACTG1, SEPP1, APOC1, CTSL, CCL3, NEAT1, LRP1, IGFBP1, CD14, F13A1, SLCO2B1, ASAH1, SAMHD1, TPP1, TNFAIP2, CSF1R, MSR1, GM2A, CECR1, ANGPTL4, CTSC, MS4A6A, ACP5, HLA-DMA, CHIT1, SLC40A1, HLA-DMB, ARHGDIB, PLD3, CREG1, LOX, FCGR2A, NPC2, EZR, MPEG1, ENPEP, PPT1, LITAF, COTL1, PLEK, CD84, MS4A7, VSIG4, CD4, ALDH1A1, TYROBP, CPVL, FGL2, SDC3, CXCL9, CD53, SLC39A14, FCER1G, CIITA, FPR3, NCKAP1L, HLA-DOA, GNS, IL10RA, CFL1, NCOA4, NPL, C5AR1, HCLS1, SORL1, SLC11A1, FCGRT, FCGR2C, CTSH, LHFPL2, CCL18, KCTD12, LAIR1, CFH, MYO9B, MARCKS, S100A9, FYB, PLXDC2, MXRA7, MAFB, MT2A, CCL20, MFSD1, FCN1, ARPC2, CAP1, UCP2, H2AFY, CYFIP1, YBX1, MRC1, LSP1, LTA4H, MYO1F, DOCK2, PLCB2, HEXB, ARRB2, ARHGAP30, TLR2, PARVG, LGALS3, DMXL2, AP1B1, AIF1, PLXNC1, GRB2, SIGLEC1, CSF3R, CXCL16, C1orf162, SCPEP1, ADCY7, NCF2, ARAP1, CLEC5A, CLEC7A, FCGR2B, JAML, GBP1, CYP27A1, RNF130, MAN2B1, ARPC5, IDH1, ATP6AP2, M6PR, FGR, SDS, PTAFR, ZYX, KCNAB2, FPR1, PIK3AP1, SLC37A2, SCARB2, SYK, LAMP2, ITGAM, C3AR1, CLTC, PAM, TGOLN2, EIF4B, LILRB4, THEMIS2, FMNL1, FMNL2, NAGK, HLA-DQA2, PREX2, DNASE2, CCDC88A, TTYH3, PGD, SLAMF8, EIF3E, BMP2K, MNDA, EMILIN2, FAM49B, ABCC5, HAVCR2, HCK, PTPN6, LYN, PLA2G7, GGA2, SLC1A3, TKT, MPP1, CMKLR1, TCIRG1, AOAH, RAP2B, NINJ1, SNHG5, TREM2, CCR1, DSE, DAZAP2, WDR1, CD52, COLGALT1, EVI2B, CD86, VAT1, SLC7A7, PIK3R5, MMP14, FKBP15, PTPRJ, SLC15A3, DAPK1, ADAMDEC1, HSD17B4, CORO1C, EHBP1L1, SASH3, BIN2, GLIPR1, FERMT3, SPI1, EPB41L3, CFI, LILRB2, MS4A4A, CYTH4, NOTCH2, ATP6AP1, LGALS9, IRF8, CD300E, ZBTB38, IL13RA1, CAPZA1, ADAM9, SOAT1, ABR, MT1E, SKP1, ADPGK, OGFRL1, IGSF6, FGD2, ATP5A1, TFEC, PLBD1, TBXAS1, CXCL10, MICAL1, GNB4, HK3, PADI2, FCGR3B, ME2, LILRB1, SLC43A2, TM9SF2, HLA-DRB6, CREBL2, ATG16L2, FBP1, FAM20A, MMP9, CD37, METRNL, NRCAM, EGFR, MTRNR2L12, MYD88, NAGA, GAS7, TRIM14, SSR1, GSTP1, C10orf54, GNPTAB, NFAM1, FOLR2, SLC6A6, S100A8, PLEKHO1, EFHD2, SLC25A37, 1-Mar, DPYD, SELPLG, NR1H3, APBB1IP, SNHG1, TLR7, GALC, LPXN, ARHGDIA, ADAP2, ALCAM, SORBS1, CSK, CEBPA, DBNL, NAIP, CASP1, FCGR1A, RPS6KA1, CYP1B1, RNASE6, CD300A, CLCN7, NCOR2, DENND4B, TLR1, TPCN1, SLC8A1, PPP1R18, MAOA, TLR8, ABHD12, ATP6V1A, MANBA, TMC6, ACP2, NCF4, GRK3, MINK1, RCSD1, IL18, VAV1, SLC5A12, GNG12, GLB1, NUDT3, OLFML2B, STX7, NBPF14, MR1, SCAMP2, TBC1D9B, CR1, LAT2, IL17RA, TGFB1, CSF2RB, TEP1, LILRB3, GPSM3, ZNF385A, DCAF7, PLA2G15, RAB10, APMAP, BTK, CAT, SLC17A4, ZFYVE26, GGTA1P, SLC11A2, VOPP1, FLII, TRPM2, P2RX7, SLC36A1, PPM1M, PILRA, GMIP, PTPN18, SLC31A2, OXR1, VPS13A, LILRB5, LINC01578, MS4A14, SNX6, USF2, RIN3, LST1, SGPL1, APOBR, RTN3, MBP, SNX2, MKNK1, GAL3ST4, NBPF19, SLC31A1, KPNB1, BMF, TYK2, CLEC10A, PAK1, NADK, GUSB, SIGLEC10, RCC2, ZDHHC7, KCNMA1, SPCS3, GPR65, FTLP3, INPPL1, KCNJ5, ATP6V0A1, PRKCD, GPR34, ARG2, PROM1, FXYD5, P2RY13, FAM20C, CES4A, ARHGAP27, WAS, RNPEPL1, DNAJC5, SLC7A8, LRRC25, METTL7A, RHOG, RFX5, TDRD3, ST8SIA4, SKAP2, C17orf62, GCC2, GIT2, STAT5A, PLEKHH2, TBC1D14, SEC22B, TMEM167A, GNPDA1, LY86, WDR81, TNFSF13B, MAF, HOOK1, LINC01272, AP2A2, FCGR1B, DOK2, CORO1B, DUSP3, ARPC4, SLC25A36, DNAH11, ADORA3, AMPD3, MAPK8IP3, DOK3, MTCO2P22, ARHGEF11, EVI2A, RGS10, SH3BP1, GLIPR2, PLXNA1, CHI3L1, HS3ST2, CLTA, CYB561A3, PPP1R9B, SNX1, ALDOB, TTC37, TDP2, HPS1, MAPKAPK3, FAM78A, UNC93B1, ARHGEF28, FAM105A, PNPLA6, CD163L1, IRF5, C15orf48, CX3CR1, U2SURP, RAB20, NECAP2, MAP7D2, STX6, GOLGA8N, UBA5, GPR137B, CFD, GTF2I, BASP1, SF3B2, FGFR2, WEE1, ADIPOR1, NBPF1, RERG, TBC1D2, ERP44, LACC1, PMAIP1, ME1, ANP32B, RUNX1, MOSPD2, ABI3BP, SLC48A1, SHKBP1, CD180, TNFRSF11B, FLVCR2, FAM3C, CLEC12A, SNX20, NCF1, CD33, ATRN, GAB3, ARF3, HBA2, SCIMP, MCOLN1, DOPEY2, CD72, MSI2, DDB1, TNRC18, PSTPIP2, HPSE, HYOU1, ATF6B, RNPEP, GRAMD4, RCBTB2, SLC46A1, KYNU, DAPP1, AP3D1, CYB5R4, SLC38A6, HMGA1, RAB8A, HPS5, COLEC12, ABI3, G6PD, HACD4, NLRC4, GGA1, SNX30, VNN2, GPR155, RAB32, DDIT3, IFFO1, SLC46A3, MFSD12, TTC7A, PTPRO, GAPT, SLC26A11, RHBDF2, CXCL12, IFNAR2, PSMD1, PAX8-AS1, TRPC4AP, OXA1L, PDE10A, CD300LF, BLOC1S2, SHTN1, ATG7, SIGLEC9, TRPV2, BDH2, NUP62, RNF135, HEATR3, ZNF710, SLC12A9, AP2S1, TMEM86A, POU2F2, NRBP2, IFIT3, B4GALNT1, SLC18B1, DLG5, ARPIN, WWC1, SEMA4A, PRKACA, TMEM106A, SECTM1, HBA1, EFTUD2, H6PD, SLC35F6, LINC00963, RMDN3, LILRA6, MTMR14, WBP1L, SP1, RASA3, REPS2, IL18BP, GPR107, HVCN1, IFT57, GNG5, TWF2, ZDHHC5, RRAGD, GCA, RFC1, IMPDH1, FCGR1CP, GIMAP2, KCNK3, CSF2RA, ECHDC1, PDXDC1, RGS19, UBXN2B, GTF2IP1, TLR6, RP11-848G14.5, MMD, RP11-34P13.13, NSF, HTRA4, PCYT1A, SIGLEC7, MILR1, NDFIP1"
"MEmagenta","MEmagenta","IGHG1, IGKC, IGLC2, CRP, IGLC3, RNF213, TFPI2, IGHG4, GBP5, CCL5, CD8A, OGT, CORO1A, CD69, ITGAL, MIAT, IGLV2-23, IGHGP, IGKV4-1, EVL, DCN, GZMA, TRIM22, TRBC2, SAMD9L, TRAC, IL2RG, IGKV3-11, NKG7, CD2, IKZF3, PTGER4, RAC2, CD3E, IGLV3-21, IL2RB, IGHV3-30, ITK, IKZF1, PRF1, CCR5, CD96, GZMB, IGLV1-40, PIK3CD, IFI44L, LCK, SLFN5, EMB, OAS3, ARHGAP45, TRBC1, JAK3, BTN3A1, APOBEC3G, APOL6, NUP210, TMC8, IFNG, ZAP70, TRAF3IP3, ARHGAP4, ACAP1, PARP9, PIM2, SLC16A6, MKI67, GZMH, CYFIP2, IL16, MYO1G, IGKV3-15, IGHV3-33, TIGIT, CD38, ARHGAP9, DENND2D, LAG3, 6-Sep, PSD4, DHRS7, RASAL3, CNN2, CLEC2D, IGLV1-51, DGKA, IGKV1D-33, IGKV1-33, SEMA4D, CD6, SLAMF6, AC003092.1, NLRC3, PTPN22, TBC1D10C, GVINP1, CTSW, IGHV3-15, CCDC88B, PDE7A, IGKV3D-11, TRAF5, TC2N, CDKN1B, LIMD2, CRABP1, PARP8, ABCA2, CNTRL, CCDC88C, CD8B, DGKZ, CST7, DEF6, PTPN7, CD3D, PPP6R1, 1-Sep, BTN3A3, SYNRG, SPATA13, STK17A, SPG11, CTLA4, ITGB7, UNC13D, MAP4K1, IGKV2D-28, UBA7, CD247, IGKV2-28, FGD3, TMX4, CASP8, RAB27A, ADAM8, IGHV1-3, IGHV4-59, TF, YARS, APCS, TCEA1, C4BPA, FAM102A, CD5, MYO7A, MZB1, TMPO, IGHV4-4, ABCA7, ICOS, DENND1C, ITGAE, LRBA, SH2D1A, FCRL3, SLFN12L, HSBP1, ORMDL3, PAEP, CDC25B, ICAM3, WHSC1, PSTPIP1, BUB3, ANKRD13D, CXCR6, TACC3, MCTP2, SP140, SLA2, GYG1, PYHIN1, THEMIS, VAMP1, CARD11, IGKV3D-15, ISG15, PCED1B-AS1, CD3G, GFI1, SF3B3, RHOH, HCST, SIRPG, IL13RA2, BCL11B, CEP250, IGKV3D-20, LTB, CD28, S100PBP, LMNB1, IPCEF1, ARHGAP15, SP140L, LINC00861, IGLV1-36, EOMES, ZBP1, SLAMF1, LRRC37A4P"
"MEblue","MEblue","MTCO1P12, SPARC, SPARCL1, RGS5, FTH1, FOSB, COL4A1, FOS, IGFBP7, COL4A2, HSPG2, EPAS1, TXNIP, TIMP3, HLA-DRB5, MALAT1, HLA-DQB1, AHNAK, ITGB1, RGS1, APOLD1, IVNS1ABP, LMNA, NR4A1, XIST, JUNB, AQP1, MTND4P12, LAMB1, SPTBN1, ITGA1, EDNRB, MCAM, COL3A1, ADAMTS1, LAMA4, COL18A1, CALD1, RGS2, PLTP, IGHM, LAMC1, PTPRB, CTNNB1, PODXL, COL1A2, ACTA2, NOTCH4, STOM, NRP1, CD44, PLPP1, NR4A2, DDX3Y, MGP, GRB10, CD34, TCF4, ARRDC3, SPRY1, COL1A1, RASSF4, DOCK9, NID1, PDGFRB, PTMA, TPM4, PLPP3, TAGLN, TUBB, BGN, GNAS, LAMB2, CDH5, CPE, ITPRIP, TMBIM6, TNS1, NOTCH3, CALCRL, CSRNP1, COL15A1, FTH1P10, JCHAIN, PHLDA1, KLF9, ZFAND5, MYO1B, CTSA, ESAM, ARHGAP29, UACA, CCL4L2, SCD, HTRA1, CA2, ARHGEF12, BRD2, GNG11, PTRF, FZD4, RGCC, PLS3, SRSF2, RPL15, CALU, SPRY4, KLF10, PDGFD, ACTN4, SLC38A1, JAG1, CDH13, YPEL5, MYL12B, 2-Sep, ECE1, MPRIP, DOCK6, PTPRG, ARL4C, SHANK3, KTN1, THY1, GALNT15, MAP1B, SASH1, RPS4Y1, PXDN, SNRK, THBS4, ADGRL2, MMRN2, PLAU, CX3CL1, MIR24-2, DKK3, TAP1, MFGE8, MAP4K4, TNS2, RSRP1, FKBP1A, PLEKHG1, AKR1B1, HYAL2, LDB2, EMCN, PER1, SLC44A2, BMPR2, MIDN, CSPG4, LRRK2, HMGN2, FLT4, PIK3R3, HP, ALOX5, PLXNA2, TNF, COL5A2, HECW2, ERAP2, ZEB1, S1PR3, NPTX2, F2R, KIAA1462, SPTAN1, COL6A3, ELK3, CALM3, PLXDC1, PDE2A, VWA1, PTPRK, CLEC14A, ROBO4, SYNGR2, IFI27, 7-Sep, MIR22HG, PGF, CD9, LPAR6, AFAP1L1, HLA-F, ARHGEF17, SRSF6, LPP, ETV3, TIE1, NES, ALOX5AP, ATP2B4, SERINC3, ALDH2, FGD5, BCL6B, HMGB2, ARL6IP5, FLNB, TINAGL1, COL12A1, TPM2, PTK2, KDM5D, NDST1, TUG1, SEMA3F, EHD4, TALDO1, EHD1, GNB1, ITGA7, CYYR1, LUC7L3, HEG1, OTUD1, LHFP, TMEM45A, RGS3, JAM3, CRISPLD2, IRF2BP2, AKR1A1, RASAL2, ITPR3, APBB2, 11-Sep, NDRG2, HLA-DQB2, SRSF11, KANK2, MLLT4, TP53I11, HMGB1, NID2, FSCN1, EFEMP1, ARRDC2, SEL1L3, PLCG1, AREG, ATP6V0E1, NFIB, STC2, SNX10, NRP2, MPDZ, SLIT3, TMEM30A, FBN1, HDAC7, KLF2, RBM3, SLC25A3, RIMKLB, TEK, MYO6, OLFML2A, MDM2, PEAK1, GSN, ACVRL1, TNFRSF14, ARRDC4, RNF19A, MAP2, TANC1, GJA4, VPS37B, ODC1, ADGRA2, MAGI1, UNC5B, DGKH, FTH1P2, CDK5RAP3, RARRES1, HEXIM1, GRASP, TP53INP1, GAS6, FAM118A, LEPROT, CDC42BPB, TMEM204, RNF149, LBH, HEYL, ADCY4, ADD3, LRPAP1, BST2, PEAR1, RAPGEF4, SLC9A3R2, RASGRP1, AHSA2, ARAP3, HK2, TTC3, PALMD, STAT6, UBA2, DAAM2, MYO10, SNED1, FTH1P20, FAM101B, RDX, DOCK1, COL5A3, PCDH12, NUAK1, ITM2A, USP9Y, ST14, COL5A1, ANGPTL2, PURB, ANTXR1, FILIP1, HNMT, BTBD3, NEURL1B, TMEM123, FTH1P7, CHST15, MARCKSL1, TSPAN13, GPIHBP1, EMP3, EIF2S3, TREM1, SHROOM4, IDH2, PLAT, MSRB3, KLF7, SERPINF1, ELMSAN1, GNAQ, TXLNGY, FRY, ANO1, CCND2, LTBP1, SETD7, ERF, PYGL, PLEKHG2, RCAN2, RAB6A, FRZB, GFOD1, UBXN11, KIAA0355, NR3C1, EMP2, MRVI1, TBX2, PACSIN2, GJC1, KALRN, DCHS1, RRM2B, DAB2IP, HMGN1, ADAM15, EPHA4, PCGF3, PSAT1, PSMB9, GUCY1A2, ERP29, 10-Sep, GRK5, ZNF532, GLMP, IGKV1D-39, ICAM2, ASAP2, IGKV1-39, RASGRF2, EDN1, SCNN1G, NAV1, SLC12A2, IGLL5, EXOC4, TNFAIP1, INPP4B, TOB2, KCNN3, NPR1, ALPK3, RNF152, FBLIM1, RAB11FIP1, TRIB2, TOB1, COL14A1, PDE8A, CIRBP, ITGB1P1, TSPAN7, NPR3, SAR1A, DLL1, CD82, SCN4B, ITM2C, SEPN1, VGLL4, C4orf3, GRPEL2, SMOC2, MYH10, NFASC, SCARF1, ENC1, AMOTL1, JMY, HPS3, TMEM184B, HIP1, ECM2, PCDH1, CLSTN1, ASPN, FAM168B, IFFO2, PARM1, PDE3A, SDC2, DDR2, KCNK5, PRMT9, PCDH17, BCAP29, NPDC1, CYTH3, FXYD6, COL21A1, STARD9, SYAP1, JAG2, IFIT2, NAPSB, RBM47, MKL2, PER2, DNAJC10, ITPR1, TNFAIP8L1, SNTB1, SORBS2, TNFAIP8, RP11-693N9.2, VPS35, EPC1, TRIM38, ZNF664, RAMP2, RP11-382A20.3, KITLG, RGPD6, RARA, HMCN1, MYO5C, CSGALNACT1, PADI1, SHE, CAPN1, MYO1D, SEMA6A, ATIC, LRP6, TTYH2, TNFRSF9, IGLV6-57, CDCP1, AOC3, RGL2, ALDH3B1, CPA3, ZMYND11, DPP9, CEP68, ODF2L, CPSF1, KCNE4, LZTS1, DYNC1I2, CASQ2, TMEM245, TMEM255B, GINM1, FAS, NAB1, EID1, INF2, SLC29A1, FGD6, SLC12A4, SFT2D2, TSPAN15, SMAD7, ADAMTSL4, EPHB4, GLYAT, CACNA1H, RAB2A, COPG1, PHF3, ADNP, WDR45B, FTH1P5, ZNF704, FBXO32, STT3A, LIMS2, PPP1R13B, IL2RA, MCM5, AFAP1, SEMA4C, TMEM259, RGS16, KIF1C, APLNR, SH3PXD2A, DNASE1L3, CACNA1C, DAG1, FAH, UTY, SH3BP4, C1orf21, CYGB, TLE1, RECQL, CHMP5, SLFN13, ZFR, RAD50, KIF21A, MRC2, TNRC6A, NHLRC3, NUB1, FRMD3, TMEM50B, CLEC3B, BRK1, FBXL7, SCIN, PKN1, FRMD4A, HGSNAT, MAP4K5, FAM96A, CEP112, SCCPDH, ADARB1, WDR74, ATP8B1, SCO2, P2RX4, RNF139, SORBS3, SOX13, MEX3C, CCNH, ARHGEF15, CFAP20, MFSD6, PLEKHG5, KIFC3, PDE5A, LAMC3, MAP3K11, BET1, BTN2A2, IK, AKR1B10, IGHV3-7, GTF2B, CDYL2, JADE1, PRKD2, STK25, GSDMB, DLG1, FUCA2, TAL1, STEAP4, ZMIZ2, EIF4E2, ERLEC1, CDK2AP1, CASKIN2, TBC1D16, MOCS1, RAB42, GFOD2, BICDL1, MGRN1, PITPNM1, CAND1, RIF1, CDC42EP1, AC013461.1, TRIOBP, PCNX2, KLF12, KSR1, RABGGTB, HIST2H2BE, PTPRA, RRM2, EDNRA, KDELC2, ROBO1, GNPTG, TOR3A, PPP2R5A, ZCCHC14, GNA11, STAG1, CYP4V2, SMURF1, EML1, PCNA, EFHD1, PIK3C2B, TRAM2, SLC38A11, VPS29, CCDC3, ITPRIPL2, TMEM173, ZBTB16, RFTN1, ZDBF2, TRABD, KCTD15, CADM1, RP11-876N24.3, COPE, GNAI1, CTSO, LRIG1, SREBF1, EXOC3"
"MEcyan","MEcyan","UBC, SOD2, HSPA6, IFITM3, PDLIM1, PLK2, SERPINH1, FKBP4, HSPE1, TSPYL2, IER5, PTGES3, MORF4L2, OSMR, IFRD1, ZFAND2A, CACYBP, SBDS, S100A4, ADGRG1, CCT4, LENG8, GLS, FXR1, P3H2, CCT2, B4GALT5, NEU1, ESYT2, KDM3A, FAM46A, PHLDB2, FSTL3, CNKSR3, ABLIM3, WASH5P, MRPL18, DNAJB9, ILF2, TRIP10, UAP1, MCFD2, PPP1R3B, TES, RHEB, STRAP, SH3BP2, HSPA4L, AMOTL2, GBE1, NUDC, SLCO4A1, EGLN1, RSL24D1, OSER1, TCEB1, NUMA1, SEC31A, TTC14, SLC35E2B, ENSA, IGF1R, EIF2A, TFG, SOX4, VEZT, SNHG16, WASL, CTNNAL1, CD2AP, ANKRD33B, EIF5B, GPRC5A, ATP8B4, TSPAN6, PDZD8, PELO, RAB11FIP5, FAM84B, BMP2, ANKLE2, KIAA0907, NAV2, TMEM263, DNAJA2, EVA1C, CKS2, AEN, F11R"
"MElightcyan","MElightcyan","IGFBP3, EEF1A1, HSPB1, EEF2, EEF1A1P5, MYL6, RPL7A, NPM1, PTTG1IP, YWHAE, CAPN2, SULF2, YWHAQ, ATM, ST13, RASSF5, PNISR, AEBP1, TNFRSF12A, TMEM59, SEPW1, DYNLL1, SRP14, RAN, CCT3, EEF1A1P19, SLC16A1, TNKS1BP1, CCT8, BACE2, METTL9, UBE2H, IGFBP2, SLC22A5, C1orf43, SSH2, EIF2S2, EIF3I, CTSF, STAU1, COPS2, SDF4, COPB1, SUGP2, TMEM43, REEP5, GRAMD3, FOXJ3, PTMS, VDAC2, DIP2A, HSPB1P1, RSL1D1, PPA1, CD40, CYSTM1, FADS3, AIDA, HLA-G, CCT7, UBE2Z, CHST3, RRAGA, VIMP, NMD3, PSMB7, DCTN2, DAD1, PSMC4, MICALL2, YIPF3, PSMC3, UBE2D2, DCAF6, KIAA1468, GUCD1, SF3B6, ZNF276"
"MEyellow","MEyellow","GAPDH, VIM, CP, SAT1, LDHA, RPLP0, ANXA2, ENO1, TGM2, SGK1, HSP90B1, C1R, RPL13A, NDRG1, TPI1, PGK1, RPL3, RPL9, C1S, RPS4X, ANXA4, KRT8, APOL1, RPS11, COL6A2, PLOD2, RPS6, MET, RPL41, NDUFA4L2, CXCR4, RPL10, RPS8, RPL7, RPL37, RPS19, RPS18, RPL4, S100A6, RPS17, TAGLN2, PLAUR, RPL31, ATP1B1, KRT19, OLR1, COL6A1, PDIA3, EEF1A1P6, CD151, RPL37A, S100A10, IGFBP5, RARRES2, TIPARP, RPS20, TMEM176A, SRRM2, RPS23, PPIA, RPS5, RPS27A, RACK1, RPL6, RPL8, RPS27, RPS21, RPL30, RPL39, RPS2, RPS7, DDIT4, GPR183, ITGA3, RPS14, RPL35A, RPL11, SYT13, DDX17, RPL27A, CCND1, TIMP1, PLOD1, RPS3, EGLN3, RPL12, IER2, RPS12, ACSL1, KRT18, AC090498.1, RPL35, RPL10A, NACA, SDC4, RPSA, P4HA1, DUSP2, RPL18, PPIB, RPS9, PGRMC1, CDH6, HINT1, SERPINE2, MGST1, ACLY, SLC2A1, AOC1, ENO2, NAP1L1, TUBA1C, FKBP10, RPL32, CDHR5, PFKP, RPL26, TFRC, RPL9P9, RPL27, CALM2, CA9, RPS13, BSG, AGRN, MLEC, BCL2A1, RPL18A, PON2, GAS5, KCTD3, BTF3, MDK, COX7C, RPS16, DCBLD2, RPS15A, QSOX1, SLC6A8, FAM46C, RPL36, RPL29, BNIP3, CERS2, SPOCK1, RPLP0P6, NEFL, MPZL1, ATP5C1, MAOB, HPN, SPINT2, LOXL2, ERGIC3, CXCL3, PTGS2, EEF1B2, USH1C, MAP3K8, S100A1, EPS8L2, ADGRE5, RPS15, AKR1C3, NFE2L1, MYOF, PTPRF, PNCK, TMED2, RAPGEF1, CYTH1, SPON2, SERPINF2, CHCHD2, ITIH5, TSPAN3, CES2, CAPN12, ANO6, RPL38, CRYZ, SHMT2, MPC2, HERPUD1, CAPNS1, RCN1, RDH10, SLC7A2, RPS27L, EEF1A1P13, ZFAS1, GGT1, AHNAK2, CAV2, OSM, CTTN, SLC2A5, FAU, PAX8, CTB-63M22.1, FLOT1, FMNL3, GNLY, SPATS2L, ITGB8, GLUD1, PRDX5, RPL7P9, CD70, HDGF, TNIP1, NET1, PRDX6, SLC39A1, RHOC, IL20RB, OCIAD2, RPN1, DEGS1, SEC14L6, PIK3R1, C1orf186, S100A16, GALNT14, PERP, MIF, PSMB4, KDELR2, CRTAP, KLF13, SLC38A5, SNRPD2, TOMM20, GAL3ST1, CERCAM, AK4, SSR2, IL1RN, MEF2A, PHB2, SOD1, MGEA5, DUSP23, SERP1, MXRA8, COPB2, SATB1, PPP2R1A, XRCC5, CYLD, CD109, EDEM1, NDUFS5, CBX3, F3, KDELR1, PPP1R3C, AES, EEF1A1P11, LMAN1, GUK1, RNF128, DYNLRB1, ECH1, DENND3, EEF1D, PPP1R1A, CHMP4B, CYP3A5, CDH16, COL27A1, RPL36A, RPL6P27, COX6A1, GLTSCR2, MAGED1, TCF12, EIF6, PFKL, KDELR3, CAPRIN1, PLOD3, EIF5A, LPIN3, AHCY, CDH2, SLC16A4, NFKBID, P3H3, PGM1, PLP2, C5orf15, SEMA3B, PSMD8, UCHL1, TMEM9, NSA2, PSMD2, PARD3, KIF2A, PRDX4, RP11-371A22.1, TBCA, NT5E, SEC61G, ARL1, THBS3, TMEM14C, EIF3H, TMED4, PCSK6, ITSN2, SMIM3, 15-Sep, SH3TC1, ATP6V1E1, UQCRH, CTD-2192J16.15, POMGNT1, HN1L, EFEMP2, SRP9, PSME4, WDR13, ATRAID, SDC1, MELTF, UQCRQ, CKAP4, CASC4, TOMM7, PFN2, FBXO17, HCFC1R1, WFDC2, P4HA2, COX7B, NIPSNAP1, SUB1, PLA2G16, IDS, C12orf57, ATP5I, TRMT112, FAM162A, TMCC1, NR1H4, PLEKHA7, DERA, GNB2, LDHAP4, ABCC4, HADHB, RPL41P2, XPOT, PDIA5, TOMM70, COX7A2, CRYL1, N4BP2L2, PDCD5, H1F0, MALL, SYBU, MGST3, GZF1, S100A13, MXRA5, VAV3, CETN2, KLHDC10, NUCKS1, NUCB2, GARS, VLDLR, CNIH4, RP11-20O24.4, POU5F1, IARS, NOMO2, ANAPC5, UBXN6, UGDH, RPL7P1, MRPS6, MGAT4B, NPIPB5, EIF3B, HNRNPD, TMEM140, SELT, CHRDL1, TRAP1, LAMC2, PNMA2, TMCO1, TMEM132A, TRABD2B, KANK1, LAMTOR5, COL7A1, ANXA2P2, MLF2, CES3, TXNDC17, RPS23P8, CFAP36, CAMK2N1, BICD1, TWF1, SUMO2, LRRC61, CHMP2A, RASSF7, SNHG6, C6orf48, FER1L4, SLFN11, RPS10, PROCR, TMEM205, SNTA1, RRAS, SEC11A, UBL5, ACOT7, RNF5, CACNA2D1, ECM1, GPX8, DOK4, USMG5, ARPC1A, SLC39A6, PRKCDBP, UBE4A, APBB3, CSE1L, RPL7P23, MZT2B, TUSC3, VKORC1, PALD1, COX5B, CMPK1, TMEM258, ATP5J, GABPB1-AS1, GFPT2, RPL15P3, RPL9P7, GPR132, FAM199X, PRMT1, TMEM91, TMEM106C, ITGB4, ZNF266, NBL1, TBL1XR1, NPIPB4, C6orf106, IKBIP, SLPI, CUTA, CDK4, POLD2, RTFDC1, PTER, ADRM1, NOMO1, TCTN1, HACD3, RPL18AP3, DMXL1, C1RL, GYS1, TMEM248, PHLDA3, RETSAT, LDLRAD4, MST1, POLR2H, SSRP1, ADGRA3, TPSB2, PDAP1, RNF181, SMIM14, CPA4, NISCH, ANXA8, CD276, NELFE, PSMA3-AS1, TRIP6, SRI, RUVBL2, ABHD17A, RPL26P19, RP11-761N21.2, PLXNB1, KDM7A, SEC14L2, EMC7, SHFM1, HIBADH, MCM7, C11orf31, NMB, AP3S1, C16orf13, PPME1, ROMO1, ISOC2, FAM127A, NEK9, TPP2, CDK2AP2, NT5DC3, CCND3, DDX1, C19orf33, FMOD, RELT, SNX7, TMX2, CRLS1, MTRR, FBL, PSMD14, FIS1, CLN8, LEPROTL1, RP11-475C16.1, MRPL51, ITGB6, BCL9L, DGCR5, RABAC1, ARHGAP1, KIF3B, LSM5, LMBRD1, CSNK2A1, NOMO3, RTKN, TMEM120A, RNF7, PROM2, NT5C3A, MRPL13, EIF3M, RP11-641D5.1, EIF4EBP2, LSR, MANBAL, RP4-706A16.3, LARS, AGTPBP1, ACP1, PMM1, NDUFAB1, FGFR4, RRM1, SESN3, SPAG4, RBX1, IMPDH2, PTOV1, EEF1A1P9, TMEM54, ZMYND8, FAM114A1, ABCA3, TPSAB1, NEO1, CARD10, POLR2C, BCL2, EEF1A2, PTK7, TNFRSF25, POLR2B, SLC12A8, DAP, RAB34, PRAME"
"MEpurple","MEpurple","TGFBI, PKM, P4HB, TMSB10, TNFAIP3, ALDOA, CA12, RPLP1, CD63, BTG2, LGALS1, S100A11, CANX, TMEM176B, CALR, RPN2, SRSF5, ANPEP, CLIC1, RPL28, SRSF7, SERPING1, GNA13, PDIA6, SERF2, PDIA4, GPX4, PIGT, GPI, ATP5E, ERGIC1, LGALS3BP, RPLP2, RPS26, PGAM1, APOL2, AP2M1, SEMA4B, PFDN5, DDOST, OS9, SLC16A3, TMED9, RBM25, HNRNPA3, HM13, PLXNB2, GANAB, MVP, TAPBP, CIB1, PDE4B, UBA52, SPOCK2, VDAC1, KIAA1109, AXL, SND1, DDX39B, BCL2L1, TXN, RBCK1, EREG, SSR3, NUCB1, LMAN2, HSD3B7, DHCR24, BHLHE41, DBI, REL, GLRX, ATP5G2, TPD52L2, COX4I1, C12orf75, PPDPF, SEMA3C, NLRP1, RPS29, PRKCSH, SMS, RARRES3, PSMA7, PRELID1, COPZ1, SSR4, NCEH1, HGF, SDHA, CLSTN3, TSPAN4, PSMB8, TM7SF3, TSPO, AK2, PTPA, KMT2C, XRCC6, AKAP9, ARFGAP1, PRR13, NFE2L3, APH1A, MAP3K2, ALDH18A1, TET2, C1QL1, GALNT2, DRAM1, ATP6V1F, PSMA4, EDF1, COX6B1, KDM2A, LTBR, TEX2, ATP5G3, STEAP3, PARK7, USP24, SLC25A6, MYDGF, CPNE1, GBP3, CELSR1, ATP5F1, TMED3, ZBTB1, SLC12A7, EP300, ERN1, MDH2, ZMYM2, NDUFA4, DNTTIP1, SUMF2, NEK6, PHPT1, FKBP8, ECHS1, POFUT1, SLC35C2, PHB, RNF114, SDHC, EIF3D, COX6C, RALY, RNF187, RPS2P46, NAP1L4, STMN3, DDB2, VPS13B, ZNF292, NDUFA1, GHITM, TUFM, FADS2, BOD1L1, BANF1, NDUFV1, EIF2AK1, NPEPL1, CBR1, ZBED6CL, LPCAT3, VEGFB, AUP1, UFC1, GSR, PPP1R14B, RTCB, PSMD4, RAB1B, ATP5J2, MBOAT7, SQRDL, SLC4A2, OST4, EMC10, CDK6, SLC15A4, PLIN3, PSMB1, HTATIP2, JTB, TNIK, SCP2, EDEM2, COMT, EIF4A1, RBBP4, PCBD1, ATG2B, SULT1A1, EIF3K, UQCR10, MFSD10, SEC23B, F5, WBP2, CLNS1A, COX8A, PSMB2, NDUFB2, HERC3, PSMC2, PSMD13, SENP7, DHRS3, PSMA5, PSMB3, SRSF9, UROD, CTD-2228K2.7, TM9SF4, TMEM219, UBE2L3, PRDX3, NELFCD, CNOT11, TPMT, EFNA5, RP11-463O12.5, TCEB2, USP5, SLC25A1, PDCD6, IARS2, DFNA5, ATP5H, DDX41, ATP5O, AP1S1, LRMP, CREBZF, SUMO3, SLC2A4RG, TMEM147, LFNG, PPCS, TANC2, SSBP1, VPS28, OSTC, GPAT4, MRPS23, FAM134A, PRKCA, PAN3, MEA1, FAM50A, ARF5, POLDIP2, RPSAP58, ANXA7, FASTK, PRKAG1, DNAJB12, PRPF6, NDUFA6, PRPF19"
"MEgreenyellow","MEgreenyellow","SPP1, HLA-A, DDX5, HLA-E, MYH9, FLNA, HNRNPA2B1, HNRNPH1, HIF1A, CALM1, SF3B1, CNDP2, SYNE2, CD36, PICALM, PLXND1, AKAP13, ENG, SON, UTRN, MYL12A, FAM198B, TRIP12, DYNC1H1, SKIL, EIF3A, MXD1, RNASET2, SMCHD1, MMP2, PPP1R16B, SH2B3, PRKAR1A, ABCC3, ATP2A2, EWSR1, NLRP3, RALGDS, PRKCH, HERC1, PTPRE, USP9X, MEF2C, EFCAB14, USP34, SYNE1, LRRFIP1, H3F3A, DYSF, ASAP1, ARGLU1, CHD2, CNOT1, BCLAF1, HECA, BTAF1, TSPAN14, MMP19, SUSD6, NEB, ATP2B1, IRAK3, LIMS1, WASF2, SSH1, GATM, HERC2P2, ROCK1, PRRC2C, KIF5B, SLC20A1, RASGRP3, ELF1, NFATC2, ACAA2, UBR5, DGKD, CNOT6L, KMO, KIAA1147, SMPDL3A, PIEZO1, CTDSP2, RAD21, WDR26, ARHGAP26, CLEC2B, FBXL5, RBM5, UGT3A1, KMT2E, HNRNPF, MDH1, POLR2A, SORT1, SF1, UBE2J1, USP7, DDX6, EGR3, SNAP23, FURIN, PDCD4, TGFA, TAOK1, SPEN, NOTCH1, SREK1, TMOD2, NCOA3, NUPR1, ZSWIM6, FAM49A, ANKRD17, HIST1H1C, NFAT5, NIPBL, GALNT1, EPB41, PCM1, SLC9A3R1, CERK, KAT6A, TOP2B, CHD4, RBMS1, FLI1, ANKRD12, GIMAP6, FRYL, ATRX, DOCK4, BNIP2, SYNCRIP, ARHGAP31, SUPT6H, GIMAP8, SNX9, CPEB4, PPM1F, G3BP2, ERBIN, WDR91, ADD1, UHRF2, CGGBP1, PNN, ARCN1, GBA2, RBM6, PTEN, TMEM37, CEP350, PCNX1, WDFY3, PPP4R3A, PPP1R12A, ITPKB, LRRC8C, XRN2, BCL2L11, PJA2, PRPF4B, SBNO2, UGP2, MEF2D, RC3H2, RGL1, SKI, RSU1, ACSL3, LGALS8, CHD9, TBCD, SLC4A7, STAG2, CLIP1, SCAF11, ZNF638, ATP11A, ADCY3, BAZ2B, TMCC3, SETD2, ZNFX1, NUMB, MACC1, AP1G1, DENND4C, ATF6, RAPH1, ACO2, KIDINS220, GOLGA4, PUM2, ELMO1, ENTPD1, KCTD20, CYBRD1, DHX9, SETD5, EIF4G3, YTHDF3, MAP3K3, MLXIP, AP2B1, AGO2, HERC2P9, JDP2, CLPTM1L, PHF20L1, EDEM3, NUP153, ASH1L, CREBBP, USP22, SPRED1, BDP1, FUBP1, CRYBG3, CMAHP, KDM5A, RICTOR, BPTF, STX12, FGD5-AS1, TNKS2, UGT1A6, TBC1D9, ADAM17, LMO2, DYNLT1, AC113404.1, ARHGAP17, BRWD1, SRGAP2, MLKL, PPP3R1, TOR1AIP1, ARHGAP21, NCOA1, MTHFD2, SLTM, SOS2, FNDC3A, MTA2, CNPPD1, EIF2AK2, WWP1, PRKD3, PRKAA1, SRPRA, SCYL2, MIB1, PRDM2, MAPK1IP1L, STK38L, ARFGEF2, BAZ1B, ACE, WDFY1, HERC2, NOL4L, MARK3, HNRNPR, MSL3, SMAD2, RNF144B, FAM208B, FAM91A1, RAF1, ARHGEF40, DNM1L, CPNE2, TRIM44, RABEP1, ZNF217, 7-Mar, STK24, MCTP1, GOLIM4, FABP3, ALDH9A1, GCH1, SPATA20, TLR3, KDM6A, RALGAPA1, MON2, TRAK2, ARFGEF1, ATP10D, MECP2, NUSAP1, SIN3B, KPNA1, CLIC6, SNHG12, GOLPH3, KIF13A, CNOT8, POGZ, PKN2, KIAA0368, SIK3, PANK3, CDS2, CNIH1, KIF13B, ATXN1L, AGFG1, RAP2A, WAPL, FCHSD2, PPP6C, GPATCH2L, ZNF33B, CCNT2, DHX36, TAOK2, SCRN1, CLASP2, LARP4, RALGAPB, CLASP1, BLOC1S6, YY1, APC, FGFR1OP2, PAICS, STARD4, SRSF1, SH2D3C, HDAC1, RIPK1, AMZ2, SMC5, SP3, PCMTD1, CCAR1, STIM2, CCSER2, SEC63, INTS3, PPFIA4, SLC1A4, SEC24B, BCKDK, SLC30A1, UBR2, FEZ2, NR2C2, RNF38, PPP1R12C, PAXBP1, ACSM5, BBX, TMX3, GJB2, ARSD, ZFHX3, AIFM1, SOGA1, FEM1B, UBL3, RCOR1, DHX38, ICE1, UBR3, BRE, ARID1B, MFSD14B, SERINC5, PPFIA1, ZBTB43, RC3H1, POLR2E, DECR1, DLST, MTMR6, CHD6, EML3, ARHGAP35, MBTPS1, SH3PXD2B, HEATR5B, SF3A1, SBNO1, TRIP11"
"MEblack","MEblack","VEGFA, GPX3, IL32, RPL5, RPS3A, TLN1, ACTR2, ZFP36L1, ITGAX, MTCO1P40, RPS25, GNAI2, CCDC146, RPL24, TNFRSF1B, ATP6V1B2, ENPP3, RPL23A, WARS, SYTL2, IGF2R, TPM3, C6orf62, PLEC, LCP2, SULT1C2, AC079466.1, NABP1, ACTR3, DOCK10, LRP2, EGR2, TLR4, ABCA1, RPL34, SH3BGRL, ZEB2, GPCPD1, ZNF83, RAB31, ABHD2, DPP4, YWHAB, VASH1, CD164, LASP1, PRCP, MOB1A, FAT1, FAM13A, MGAT4A, RASSF2, GIMAP4, HBB, CMTM6, PHKA2, AQP3, MYO5A, LRRC41, CUBN, MERTK, IQGAP2, SAMSN1, KIAA0100, ADGRE2, AP1S2, OPTN, FABP5, UGT2A3, ATP6V0D1, AQP9, DICER1, TMED10, REG3G, TNS3, ARHGAP18, CAB39, CASP4, ARHGAP25, KLHL6, C11orf54, C9orf72, PDCD6IP, SLC23A2, CD302, CDK18, PAK2, SLC4A4, RNF13, KIAA1191, PRUNE2, SNHG15, PMP22, SLC6A13, MME, TMEM127, FOXN3, PTBP3, GCLC, SIDT2, GK, KCNJ15, NBPF10, TAB2, RPS3AP6, ITPR2, PDK1, NETO2, FAM120A, IGFN1, RXRA, NBPF20, AKT1, TGFBR1, PATJ, CSGALNACT2, NOL3, KIAA1033, RAP1A, NBN, PPP2R3A, MAL2, FAM110C, HTT, KHNYN, PRKACB, CTTNBP2, NPEPPS, BCAT1, CPT1A, SLC12A6, TACSTD2, JAK2, STARD7, ASS1, CBL, WDR11, LPCAT2, OSTF1, EFR3A, AGO4, GAB2, ACAP2, PBRM1, NPC1, GDA, MAN2A2, DOCK5, SPPL2A, FAM102B, NT5C2, ARHGEF2, TTC21B-AS1, RASSF3, PLCG2, USP4, RPL23AP42, ALOX15B, CTDSP1, FAM21C, MEGF9, ATXN2L, SLC8B1, IKBKB, ARRB1, FES, CEP290, MOB3A, MADD, ANKFY1, MBD2, MYEOV, ATG3, QARS, EHHADH, VTI1B, THRAP3, ADGRG6, KIAA0513, ANKH, CELF1, TAOK3, USO1, ALDOC, COL4A3BP, GAK, GGA3, LIMD1, OBSL1, TBC1D5, FLNC, VPS8, EPG5, CACUL1, TNFSF9, DMGDH, ACER3, SNX18, SETDB2, PI4K2A, CPSF2, APAF1, RASSF6, RIC1, FAM65C, OSTM1, KLHDC2, OSBPL11, TET3, EVC, PCYOX1, MAP3K1, ETNK1, ABI1, ANTXR2, LMO7"
"MEgreen","MEgreen","CD24, CLU, CRYAB, FABP7, REG1A, VCAM1, TPM1, RPS24, SLC3A1, MSN, MACF1, RPL13, C10orf10, C4B, PABPC1, TSPAN1, C4A, PDZK1IP1, TNFSF10, CXCL14, RPL19, RPL23, RRAD, GSTA1, HSPB8, FHL1, LRRC75A-AS1, CYB5A, IQGAP1, RPL21, ACADVL, RP1-60O19.1, UGT2B7, PREX1, RPL22, NKTR, LAPTM4A, ALPK2, WNK1, MBNL1, SMG1, ACSM2A, PDZK1, NIT2, CDC42SE1, HMGN3, TTC39A, XAF1, PEBP1, SLC22A2, MMP7, ACSM2B, SERINC2, ZNF395, KIF12, SETX, HUWE1, MYCBP2, RBP5, CHD3, STK10, INPP5D, PRRC2B, TCEA3, BIRC6, GSTA2, FUNDC2, PRPF8, SNRNP200, ERBB3, RPS28, SMARCA2, BHMT2, KMT2A, TRIB3, ADAMTS9-AS1, BICC1, LGALS4, PLEKHA5, NIN, SEL1L, BBOX1, ST3GAL1, CLDN2, DARS, FXYD2, CARD8, HHLA2, UQCRB, VNN1, TBC1D2B, DCDC2, KMT2D, DMD, KCNJ16, FAM129A, HP1BP3, DEFB1, PRRC2A, SLC37A4, ACAT1, STT3B, ACIN1, PAG1, CYP2C9, DDR1, USP15, SHMT1, GALNT11, BHMT, SEMA5B, RPS6KA3, TNFAIP6, SFMBT2, ZZEF1, SLC28A1, GOLM1, SMC1A, RP11-807H17.1, LINC01320, GLG1, PPP2R5C, WDR82, XRN1, MUC1, SPINT1, CARHSP1, PBLD, BAZ2A, ZCCHC6, GNG2, NAT8, MAN2A1, STAT5B, ECHDC2, MACROD2, CYP2J2, PHIP, ESD, ZNF106, DEK, PRDX2, ATPIF1, CLDN7, PRPF38B, IMPA2, PI4KA, CISD1, ARID1A, CMBL, MYSM1, MAPK1, OSBPL8, MTMR11, MTSS1, MYO18A, HEBP2, RAB8B, HGD, FAM208A, NSD1, SEC16A, ZNF655, C14orf105, RPL13P12, ARHGEF3, KAT2B, ANKRD11, DSG2, ADH5, TRAPPC10, ZDHHC20, EPS15, PIKFYVE, VPS13D, LGALS2, MCM3AP, DDHD1, HIST1H2AC, RP11-488L18.4, NCOR1, RIDA, HELZ, MDN1, AIG1, ELP2, FGGY, TBC1D4, ZNF248, ACMSD, CHD8, SOS1, ALDH8A1, ADI1, WHSC1L1, ARSE, ACSL5, NKAIN4, FHL2, UBP1, NDUFB4, ZBTB40, ZFC3H1, RABGAP1L, GIMAP7, HECTD4, MDM4, PRODH, SMIM24, CLEC18A, PITRM1, SMCR8, EPHX2, DYNC2LI1, LBR, DDX46, AAK1, CMYA5, CDK10, SUPT16H, MIS18BP1, KBTBD11, LPIN1, NDUFB9, DSP, SLC44A3, AMY2B, C1QTNF3, GPN1, ARIH2, KDM3B, ATXN7, SYNE3, CLEC18C, UNC5CL, NCOA2, ETV6, KIAA0430, ENTPD4, ASPA, GRHPR, COMMD6, NFATC3, TNK2, CDH1, SACM1L, FOXN2, FAM65B, SPTLC3, CTC-575D19.1, ABCC1, CLRN3, FBXW2, HNF4G, CLEC18B, ZSWIM8, LTF, N4BP1, ANXA3, MTOR, RASA2, HNRNPLL, EPCAM, CEP85L, ERBB2, SNX19, UBE3C, MGA, PUM3, QRICH1, AGXT2, MTMR3, TRPM7, EP400, ATXN1, DCP2, SNHG8, KIAA2026, GBF1, SMARCC1, IGBP1, DDX42, HYI, TMEM98"
"MEgrey60","MEgrey60","SRGN, APLP2, SDCBP, RHOA, MGAT1, RNASE1, IFNGR1, LDHB, CPM, LAMP1, TIMP2, SAA1, HILPDA, DERL1, QKI, ATHL1, PLEKHO2, CDV3, PLEKHB2, CDC42, LPL, ZMIZ1, SLC25A5, EPB41L2, SLC34A2, IL6R, RHOQ, ZFYVE16, FCHO2, VASP, ABCC2, ARL8B, HK1, MAN1A1, MT1X, MTPN, CEP170, PLEKHM2, STK40, TBC1D1, APOL3, IQSEC1, FAR1, SNN, PSEN1, ATP6V1C1, ACSL4, RB1, MGAT5, SAA2, DNAJC3, TRAK1, MAP7D1, RAB5C, RAB14, LACTB, PIAS1, TLE3, OFD1, ACTR1A, INSIG2, HSD17B11, GMFB, C20orf194, MAVS, CUL1, SDHD, GNA12, PHKB, HNRNPH2"
"MElightgreen","MElightgreen","STAT1, RHOB, GBP2, GZMK, PSME2, STAT2, MX1, PTP4A2, APOBEC3C, PARP1, PSME1, UBE2L6, EPSTI1, ERAP1, ESYT1, TOP2A, PARP10, PLEKHA1, FARP1, OAS1, CD27, NCAPD2, GALM, OIP5-AS1, OSBPL3, MDFIC, ARHGAP42, CENPF, CKAP5, TRAFD1, MBD4, ASPM, MAN2B2, GSDMD, CCR2"
